38798221,dmartin@example.org
67676056,hbeard@example.net
40949315,bobbywagner@example.org
44527155,wyattsanders@example.net
5486525,wphillips@example.net
82286846,iwilson@example.org
59594422,jmiller@example.com
2190153,estradapaul@example.com
2664472,kevin83@example.net
34209339,richardsdebra@example.com
81527151,zstevenson@example.net
42703340,parksdonna@example.org
92043029,bryan42@example.net
98832877,randy55@example.com
80792430,david33@example.com
45256496,christiancarter@example.org
14038849,rogersadrian@example.com
73538397,jamescobb@example.org
96190152,halljason@example.net
57991100,johnsondiana@example.org
46539642,howedavid@example.com
65883199,mendezkatie@example.org
11553754,kwilliams@example.com
11445585,williamjacobs@example.org
43555914,popestephanie@example.net
94774841,tinawoodward@example.org
4854844,christophercarter@example.net
82909791,andrew76@example.org
33485295,mirandamiller@example.com
92656597,montgomerystephanie@example.net
10805472,paigedurham@example.org
53945109,abigail71@example.org
39394506,victoria29@example.com
826306,kevinallen@example.net
57468371,woodcory@example.com
79358815,awatts@example.net
79380844,patrick57@example.net
35099480,baileydominique@example.com
30761362,cassandra24@example.net
81259655,christopher26@example.org
18342728,heather96@example.org
36660513,stephanie83@example.org
15190941,ybailey@example.com
4570114,ohart@example.org
44724394,evelyn46@example.org
70131458,alexander74@example.org
52926542,omalone@example.org
95086698,amyramirez@example.net
12681831,jasonhawkins@example.com
5669634,plynch@example.net
78120003,chood@example.org
11203194,treilly@example.org
63058992,ihughes@example.com
61533475,mikaylarivera@example.org
74260174,harmonfrederick@example.org
57381547,folsen@example.com
72881036,bturner@example.org
68682732,uvang@example.org
80524087,austinhopkins@example.org
16094372,tflowers@example.net
34258981,anita48@example.com
36550670,harrisjoel@example.net
92662146,amytaylor@example.com
94147685,johnnorris@example.org
72527087,pmoran@example.org
26240711,matthewhamilton@example.net
60716922,nsmith@example.org
83099785,catherinefox@example.org
98423778,virginia49@example.net
17700149,mary83@example.org
31447738,ndyer@example.net
24486292,john98@example.com
98837167,sboyle@example.com
56940810,pclark@example.net
80117906,chadwilson@example.net
20926049,ashaffer@example.net
9177468,travis93@example.com
13119642,jackson46@example.org
78961397,shirley89@example.net
91592974,acarr@example.net
77117116,oellison@example.org
54710328,bbarker@example.net
21858410,michelleblair@example.net
91808122,kevinthompson@example.net
17772036,russellkathleen@example.net
80147128,kristenwilliams@example.com
35184306,louisbates@example.com
53182265,leachautumn@example.com
56268053,lonniedaniels@example.org
43087784,lray@example.com
77339676,mackenzie95@example.org
59744402,rpratt@example.org
60790432,michaelwhite@example.com
63363310,fharris@example.net
40565499,kristintorres@example.com
90037872,lhayes@example.org
49843193,zmontgomery@example.net
41373370,amy77@example.net
60046379,samanthastevens@example.net
11626297,ldunlap@example.org
44866400,jamespage@example.com
98991460,kevin92@example.net
32258078,david63@example.com
38383758,harpercindy@example.net
97108260,gwilson@example.com
8392428,tyler74@example.net
40382200,kreid@example.org
43587769,lopezmichelle@example.net
72555439,lisa53@example.com
59314774,nriley@example.com
64547914,yclark@example.org
93776386,yateschris@example.net
23399823,samuel08@example.org
63034120,morrisdeanna@example.org
1200165,cassandra33@example.org
17284809,scott08@example.com
53622392,lewissheila@example.com
91860968,christine08@example.com
45453988,taralucas@example.org
44046136,coxjennifer@example.com
8166540,joshua28@example.org
74336625,christina84@example.net
21192752,tristan17@example.com
59532181,simpsonkimberly@example.com
97644440,susanclark@example.net
18272075,julia35@example.org
34168891,carolford@example.net
85013116,sara10@example.org
440557,urichardson@example.org
1395594,lmartinez@example.org
93720365,ewilliams@example.net
55984529,morgantony@example.com
76458172,barneskyle@example.net
71404986,larrymoss@example.net
85590205,chinton@example.org
56776813,jamespaul@example.net
88921772,xwu@example.net
45852887,tamara14@example.org
37354766,jacksonjavier@example.org
27758226,dawnbrown@example.net
76790003,pamela64@example.org
30994901,patricia73@example.net
84187480,kimberly72@example.net
79993860,julia29@example.com
20846185,kennedytammy@example.net
50191327,mpaul@example.net
74709795,john18@example.com
60674258,tamara91@example.org
68891450,jordansalinas@example.org
43618711,ageorge@example.net
49726599,cclark@example.net
48278053,rachelbrooks@example.com
61183059,teresapham@example.com
58741302,robertjones@example.org
35279831,woodsandra@example.com
68697584,zcain@example.org
19459998,troycole@example.org
4894545,sanderscarrie@example.org
49036118,gclements@example.com
54101088,ruizmichael@example.com
51196592,clarkkristina@example.com
43684588,stacy08@example.org
43533994,markcastillo@example.com
77165355,amy80@example.org
33507188,michaelpruitt@example.net
45683489,twilson@example.com
7948884,rebeccamendoza@example.net
44198962,kcook@example.org
30876317,patrickelizabeth@example.com
17401770,alexandrawilliams@example.net
35244433,elizabethsnyder@example.org
59873582,jameshowe@example.net
48670514,joshuaflores@example.net
76636400,roger28@example.net
6030230,petermunoz@example.com
85146354,madelinelopez@example.com
59567161,aaron45@example.com
46562172,megan62@example.org
57102277,april69@example.net
45969648,mary22@example.net
39735722,panthony@example.org
73019344,ffigueroa@example.com
33332322,james74@example.com
4657650,jonesdavid@example.org
39488039,shawcole@example.org
54820514,milleralex@example.net
45860707,jeffrey76@example.com
33021513,dhawkins@example.net
72666976,lauren98@example.org
94550512,janetfox@example.net
79149818,beth03@example.org
62017965,jared34@example.com
99342822,smartin@example.com
9461706,shannon15@example.org
57878262,michael04@example.net
98306537,monroejohn@example.org
3446472,david52@example.net
18831936,keithperez@example.net
63012944,kathryn50@example.org
6860698,kcamacho@example.org
58082639,vhuang@example.net
54209335,alan21@example.org
55678241,amy67@example.org
58499384,hunterjoseph@example.org
42144579,jennifergonzalez@example.org
94130084,bjohnson@example.net
72783154,nmiranda@example.net
66272234,shuber@example.net
75733747,laurenmorris@example.net
33804660,beckjoseph@example.net
67871015,kylehill@example.net
34893054,michaelvaughn@example.com
34934388,eshaffer@example.net
53440153,stacey76@example.org
64673178,brownpatricia@example.org
71281945,randallhowell@example.org
71194203,fchambers@example.net
37030634,kennethperez@example.net
38033491,danielle67@example.com
31832035,adamsandrea@example.org
25605888,casey06@example.org
43628276,riveraangela@example.org
13481809,qlee@example.com
58579084,gravesdavid@example.com
24612933,sallymurphy@example.net
29088861,christophersmith@example.net
64952542,staceywalters@example.com
64988100,paul11@example.org
42624452,butlermaria@example.com
22459767,sarah31@example.com
60924037,smorgan@example.com
81680718,lrobinson@example.org
99482175,martinezwilliam@example.com
9255787,ashleyyoung@example.net
86458791,nicolewilliams@example.com
65064588,wdaugherty@example.com
81748053,thernandez@example.com
1485337,cooleymatthew@example.org
64638085,timothypatterson@example.com
41511518,ashleyelliott@example.com
80574513,milesrichard@example.org
16905192,brian24@example.net
34296177,romerodustin@example.com
72196910,leslie40@example.net
55065828,joneslisa@example.org
60565567,olsoncorey@example.net
17998889,janice60@example.com
55174993,cweaver@example.net
5430749,peterswilliam@example.net
62639371,abigail81@example.org
58092641,carolbaker@example.org
48573632,hwhite@example.net
31176839,brianjohnson@example.net
7244406,hullseth@example.org
58653986,jennadavis@example.com
31616495,christopher40@example.org
73857971,jonathan42@example.org
74502040,cassandrahester@example.com
24027387,mathew29@example.org
54345751,robertcase@example.com
85495735,hayesanne@example.org
26143502,jwalker@example.org
29035959,heather59@example.net
89879365,william08@example.net
7723152,drose@example.net
9282001,mary17@example.net
3783075,powelltim@example.org
82949465,ecalhoun@example.org
80137973,halewanda@example.org
90670782,sydneyray@example.net
92614837,austinmatthew@example.org
35794351,alicia24@example.net
6047368,lisa48@example.net
11531147,orichardson@example.com
99360944,michelle26@example.org
65676310,richard47@example.com
17123128,edward79@example.com
80379785,moorevalerie@example.org
98270730,courtney42@example.net
16953704,davischristopher@example.net
18854909,gillmichael@example.com
11795844,zallen@example.net
5406324,shortwendy@example.org
76073457,fcampbell@example.net
16310296,bellsummer@example.org
90943270,garciaemily@example.com
82966490,danny61@example.net
90498240,mtodd@example.net
75633739,cookscott@example.org
43839547,mcdowellkari@example.net
37860466,matthew51@example.com
53245191,molly36@example.net
59025789,williamsmelanie@example.org
14341082,wilsonmary@example.net
998428,william21@example.net
47274903,tinamiller@example.net
3947218,jharris@example.org
47182154,rodriguezjennifer@example.org
30338785,nelsonsherri@example.net
75435075,dgriffith@example.org
90712088,feliciaromero@example.com
5312754,cynthia54@example.org
28925071,gcohen@example.org
87748182,adam86@example.net
922826,phillipskelly@example.net
58305750,danielryan@example.net
2937275,alisha15@example.com
60008930,hulldamon@example.org
79465713,duncanaaron@example.net
36826082,gregoryjennifer@example.org
51513753,debbie56@example.com
60269558,colleenherman@example.net
76215072,timothyhuffman@example.net
52324898,zcox@example.org
44884696,millsdaniel@example.com
10449175,mtownsend@example.com
54379311,melissareynolds@example.net
2626751,natalie10@example.org
2318956,belindalowe@example.net
42138975,ofernandez@example.org
2340134,robertrowe@example.com
16174850,elizabeth16@example.org
74444548,angelanelson@example.com
99371517,kirbydouglas@example.org
46862355,gordonheidi@example.net
42542744,olewis@example.org
75825774,randycarter@example.net
66459603,gamblekirsten@example.org
10030229,stantonmichelle@example.net
87125700,barbaratorres@example.org
62391247,melissa97@example.org
31335979,reesekristen@example.com
62018293,cshea@example.org
29728772,tamara14@example.com
42747502,debra42@example.org
91917428,brianjones@example.org
64399312,mcmillanandrea@example.net
7535819,mwilliams@example.org
28032486,caseybecky@example.com
46183194,taylorjames@example.org
80180690,danielwhite@example.org
45257691,kberry@example.org
44350566,buchananlauren@example.org
11218375,amandamiller@example.org
68937938,cduran@example.com
74837215,webbkeith@example.net
92332023,judithmiller@example.com
42558726,royfriedman@example.com
9230471,iflores@example.com
14852617,wodom@example.com
5313252,elizabethhoover@example.org
25737658,wheelerandrew@example.com
33744313,eric95@example.net
53934757,ndelacruz@example.net
65398481,vsandoval@example.net
84875709,tluna@example.com
78923169,paula09@example.com
14207832,millerpatrick@example.com
20677424,vvance@example.org
60612694,aguirrealex@example.net
34887843,jennifercaldwell@example.org
13584414,shannon01@example.com
68721082,brian07@example.org
84253108,susanrichard@example.com
78780999,tdonaldson@example.net
61819954,xmartin@example.net
88487396,scott85@example.org
7052536,richardcole@example.net
50365729,paul12@example.com
15913698,ivega@example.org
20905859,sara33@example.net
71186029,lhall@example.com
18803600,donald83@example.org
23514829,zknight@example.net
39435852,christopherharmon@example.com
99169188,otaylor@example.net
13060814,jsanchez@example.org
95257369,mrobertson@example.org
54535360,danagarcia@example.com
30787677,umorales@example.org
83450698,michael07@example.com
64988823,xjoyce@example.com
92299836,williamburton@example.com
97030650,bwiggins@example.net
13639892,tiffany58@example.org
16623193,barnescarolyn@example.org
78178581,michaelbowman@example.net
55069878,davisrichard@example.net
11983182,michaeljones@example.org
78247261,blakejacob@example.org
576303,wendy10@example.org
8313045,chensley@example.net
787599,wwilson@example.org
81080382,vmills@example.net
24874128,bryantorres@example.org
55980075,mmorales@example.org
36151668,christina36@example.org
43317036,harrisonshawn@example.net
50281073,jacksonnicholas@example.net
32475648,phyllis63@example.com
51694002,grodriguez@example.net
77474541,stephanie64@example.net
56141982,woodsmelissa@example.com
27547671,margaret62@example.net
29589034,traviscarson@example.org
25687497,esalazar@example.com
52578023,terri42@example.com
97828709,candace75@example.org
38981594,triciasnyder@example.net
15847540,dickersonangela@example.org
4207942,reynoldsdiana@example.net
9581449,cheryl38@example.com
6259083,olsonanthony@example.com
11252222,xenglish@example.net
20450876,ijohnson@example.com
69306372,uhess@example.net
16810189,leedaniel@example.net
32596591,ukaufman@example.net
6043983,timothy61@example.org
58796235,melissafrench@example.com
73157142,robertwilliams@example.net
79017680,jclark@example.net
39466534,andrewwilliams@example.com
52193543,robertsrenee@example.com
20498665,jessicahoward@example.net
80027662,angellambert@example.org
97426566,katherine86@example.net
27727625,ffleming@example.com
81388783,margaret51@example.com
21408402,jason55@example.com
81371711,jonesdylan@example.net
37208502,brent70@example.net
85629138,francisjohnson@example.org
2344721,hannah92@example.com
24038896,chungangela@example.org
68561812,virginia19@example.org
30068458,nathanielwilkins@example.org
19026923,michaelcarlson@example.org
8437645,kmurphy@example.org
95049328,guerrerolisa@example.org
65479634,raymond37@example.net
19584531,powelljesse@example.org
7053947,rjuarez@example.net
66648373,arogers@example.net
46243018,samantha82@example.org
31598940,robert84@example.com
61412921,richardharper@example.net
57568235,ocastillo@example.org
37334552,kevinoliver@example.com
38379186,bradley21@example.com
95163959,jamiereese@example.net
92135654,anthonysparks@example.net
65622766,teresaaguilar@example.com
29175993,jennifer11@example.com
31668670,mcdanieljerry@example.com
83365382,gperkins@example.net
27565496,uhudson@example.com
5323866,ntaylor@example.com
31331970,murrayalicia@example.com
96954307,coreycastro@example.net
50932554,kennedytimothy@example.net
75289840,amber13@example.net
67150761,crystal01@example.org
8461317,towens@example.com
74869484,zclark@example.org
5234829,johnbrown@example.org
27397012,ericksonjoseph@example.net
15467466,terri98@example.net
93806135,johnhall@example.com
97833632,carmenstevenson@example.org
53348409,kennedynicole@example.org
94940160,lacey96@example.com
55606077,owashington@example.com
56782317,galvarez@example.net
13558088,sholmes@example.net
7472833,kenneth54@example.com
51706416,jacobscharles@example.net
93241958,amyblake@example.org
89360222,james93@example.com
95384905,ybrown@example.net
34153881,kristinacox@example.org
70063242,kristin74@example.com
53853414,tyrone30@example.com
27152311,robert93@example.org
24881118,iolson@example.org
57648888,rebecca23@example.net
3347365,sarah83@example.net
78560501,aharris@example.org
80091567,thomas88@example.org
32171381,megandaniel@example.net
82311620,onixon@example.org
71638728,dakotasmith@example.net
9582076,alice26@example.net
72006747,ryanjennifer@example.org
56065037,williamsrachel@example.net
11342632,davidmills@example.com
65376013,susanbrock@example.net
29662562,freemanrussell@example.org
24889030,amberflores@example.com
59957226,susangross@example.org
97445582,cruzjenna@example.net
85504839,kmack@example.org
61170113,ofernandez@example.net
43540635,tracieelliott@example.com
48018143,bruce17@example.net
51751141,megan61@example.com
45847000,sherri64@example.org
57359055,tpeterson@example.org
64536897,christina74@example.org
69562853,ivanbond@example.org
64271821,christineprice@example.org
64480440,christinaarcher@example.org
70927977,tammywatson@example.net
86158499,rebecca20@example.net
28470556,christophercobb@example.net
22136751,kimberlysmith@example.net
16055819,saramoreno@example.org
7974001,barbara13@example.com
36791957,sharonmills@example.com
8694793,bclark@example.org
50856213,wwebb@example.net
60318413,sandovaltyler@example.com
93119845,stefanie68@example.org
41550539,melissa27@example.net
53335245,lhunt@example.org
43262956,fullerchristopher@example.net
5221716,jonesdavid@example.com
89624010,nkelly@example.org
87562133,xalvarado@example.org
22019076,christopher69@example.org
39488997,williamsdavid@example.org
62695852,lcrawford@example.com
85043372,pkeller@example.net
88821309,earl65@example.net
79383179,rhughes@example.org
54258237,zmiller@example.net
73551745,larry16@example.net
16612878,angela83@example.org
65010756,martinlindsay@example.org
87083240,jpatrick@example.net
69285129,calebsexton@example.net
66851056,wellsdaniel@example.org
24870547,davidhuff@example.com
83614696,rickylane@example.net
42515236,abarnes@example.net
25472598,richthomas@example.net
8133469,deckerisaac@example.org
71959239,cameronramirez@example.net
59991933,jonestracey@example.net
59376890,newtonjeffrey@example.org
60661569,scottjohnson@example.net
41195388,hcollier@example.com
96904247,cguzman@example.net
75103311,hcollins@example.net
82085731,kayla22@example.org
7604728,whitakerjames@example.com
55693497,zimmermanjustin@example.net
6844424,vrogers@example.com
78168910,houstonricardo@example.com
51931647,lopeztina@example.net
89862608,josephmartin@example.com
19654036,eric02@example.org
1319194,raymond89@example.net
34792217,twillis@example.net
19530075,ellen48@example.net
96763547,thompsonluis@example.com
90419403,mackenziemata@example.net
98408444,sandrahenson@example.net
80754025,nathan50@example.com
88142685,antonionicholson@example.com
6164466,johnrobinson@example.com
81731571,sierra85@example.org
87861792,sharpcasey@example.org
40272247,mitchellthomas@example.org
14668846,ortizhenry@example.com
76853600,rogerramirez@example.org
13433594,christopheranderson@example.org
97272674,qhernandez@example.com
44377182,melissavang@example.com
13285525,jlewis@example.org
17132872,alexis56@example.net
13006939,hpeterson@example.net
39533904,donaldward@example.org
79926542,theresa44@example.com
80460861,diazjoseph@example.com
12952562,bsmall@example.org
34471399,kleinsean@example.net
88638981,olsoncarrie@example.com
34828534,aburke@example.net
80652316,jacksonbenjamin@example.org
71778155,walterrichard@example.org
34380305,janet25@example.org
67428391,bobby06@example.com
64487934,timothygonzalez@example.com
69100715,thomaselizabeth@example.com
11826577,davidblack@example.org
86976998,floresmelanie@example.net
91376066,douglas92@example.org
24553140,paul62@example.com
94553063,jharvey@example.com
64631707,james38@example.com
59613296,rowlanddaniel@example.org
36367799,martineztimothy@example.com
96197722,paul72@example.com
98168613,anthony44@example.org
71139999,kellerstacey@example.com
75551427,jamieperez@example.net
83720618,iwallace@example.com
92259684,lisa39@example.org
96805370,sellersrobin@example.org
91098110,olsontimothy@example.org
91218487,williamsjacob@example.com
34339867,lfoster@example.com
4439506,wadetyler@example.net
87570622,brianna68@example.com
7479495,meghan96@example.org
6183386,tschroeder@example.com
74842577,scott07@example.org
30545157,morrisvictoria@example.com
751877,aross@example.org
12905984,yangjeremy@example.org
21528920,tylermiller@example.com
90873970,imorrison@example.org
28950911,fmarks@example.net
67041997,johnwhitaker@example.org
20085849,karen00@example.com
14614638,bradyapril@example.org
8629614,owillis@example.net
32486707,matthewjohnson@example.net
40940470,allenmaddox@example.org
94642076,david17@example.com
37815427,jeffery75@example.org
68112178,berrydeanna@example.org
59863237,matthew23@example.net
53542981,smoore@example.org
30713079,guzmanjody@example.net
4693872,andrewayers@example.net
20077578,knightkara@example.net
30265081,tracey88@example.com
61059292,melissa91@example.org
19872916,hardinkrista@example.net
89616529,annettetaylor@example.com
24693459,yvaughn@example.com
76815730,kirbymelissa@example.net
50245541,gtorres@example.net
63412224,charlesbarbara@example.com
92771882,logan76@example.com
6225594,manuelhoward@example.org
70771491,curtissarah@example.org
98322062,christophercarroll@example.org
67736592,susan71@example.org
64261198,bross@example.com
23039853,corypowell@example.net
97210150,hernandezdavid@example.org
20837174,gevans@example.net
16078335,acallahan@example.org
37075450,damon32@example.org
85145050,halljason@example.org
97039151,josephdavis@example.org
9248868,twilson@example.com
57572130,stephenhernandez@example.net
66779604,katherinerivers@example.org
44007294,erica98@example.net
71803370,annetterodriguez@example.net
94917750,john97@example.org
93334006,joshuaharris@example.com
87500370,burkederrick@example.com
99367236,christophersims@example.com
4025636,fordmark@example.com
80401848,morenoanna@example.net
54194970,sosborn@example.org
92855247,whernandez@example.com
78900414,daniel84@example.com
93194523,taylorselena@example.com
92803061,kherman@example.com
88233581,williamdunn@example.org
78466914,steve76@example.org
73806232,cynthia96@example.com
19164974,bondcaroline@example.org
80164280,ygill@example.com
31757201,fdavis@example.org
90753848,carriejones@example.net
35958295,usmith@example.com
45075506,ronald14@example.com
71419828,mcguiresamantha@example.org
82262427,hcoleman@example.com
34546733,vmyers@example.com
48148754,benjaminphillips@example.com
93932805,bushjesse@example.net
43151334,nathanwatson@example.net
90305302,lisa65@example.net
44261246,edwardklein@example.net
21983724,heidiwhite@example.net
1914688,millermelinda@example.net
56207608,tapiamargaret@example.org
9710299,michellemoore@example.net
55388502,jkeller@example.com
91412493,susanmartin@example.com
66802725,nvargas@example.org
92750867,matthewbriggs@example.com
34036352,erinallison@example.com
23010131,sarmstrong@example.net
68861866,kstrong@example.org
76286137,gali@example.org
98240129,michael84@example.net
3206171,victoriasanchez@example.org
34690579,earmstrong@example.org
51326277,autumnsparks@example.net
72344315,gpadilla@example.org
35974335,jose54@example.net
26502373,berrykathleen@example.net
45842924,montoyadanielle@example.net
62093190,myersjennifer@example.net
35660164,lisa39@example.org
98223399,leelisa@example.net
51365516,philip30@example.com
60539918,mwilson@example.org
33586509,hwalker@example.net
8010026,stephaniegrimes@example.org
51590975,masonbrian@example.net
13146319,kburns@example.net
24085581,hdominguez@example.net
51089490,fordkenneth@example.com
78629516,markmatthews@example.net
98519564,josephmartinez@example.org
67974871,andreshunt@example.com
7631438,golson@example.com
83661485,fisheradam@example.net
85698325,christophermayo@example.org
88459573,qbrooks@example.org
57621689,gnolan@example.com
26357455,holtstephanie@example.org
78692034,wfreeman@example.org
92339730,maryhicks@example.net
11670381,michelleoliver@example.net
88265758,donna82@example.com
80609163,kristiwilkerson@example.com
88063243,fruiz@example.com
8829899,jennifer59@example.com
39028333,davidcoleman@example.com
57673108,johnsoncatherine@example.org
24589581,melissawilliams@example.org
41322123,mollymcgee@example.org
81000190,shawnreyes@example.com
718994,warnermelissa@example.net
11994624,jessicagarcia@example.com
18137927,ocooper@example.com
47443740,sarahanderson@example.net
14168454,amartinez@example.net
36214063,ashley06@example.net
73534942,anthonyerik@example.net
77411523,patrickmiller@example.com
57407514,patriciasmith@example.com
15090132,jimenezcarla@example.net
64784613,johnmedina@example.org
14773582,derekmartin@example.org
24263094,danielhill@example.com
86931495,danielssandra@example.org
37282760,deansosa@example.net
50816816,melissacollins@example.org
34899274,fraziercharles@example.com
11166912,hedwards@example.net
13853941,saunderscassidy@example.net
38779311,diane33@example.com
6176803,erika92@example.org
93241081,grahammichele@example.org
47698046,tcollins@example.net
74962286,tonyahernandez@example.com
35237676,christopher11@example.org
3364644,isaiah03@example.org
13656136,scottallen@example.net
26277280,jeffreyroberson@example.com
10669023,james56@example.net
55992814,jose27@example.net
32686881,jillian81@example.com
84618108,brucetaylor@example.net
31192945,susanwalters@example.org
16459619,mark67@example.net
69438218,dennisgeorge@example.org
47365535,lindsayfranklin@example.com
86930128,brandon91@example.com
40798338,davidjohnson@example.com
84484157,eric37@example.com
7230212,kristen64@example.com
37706327,zmorgan@example.net
31534228,kennethcollins@example.com
20489132,paynelawrence@example.net
14109771,ugraham@example.net
22088644,alexandermitchell@example.com
27205820,taylorronald@example.com
56901335,michaelanthony@example.net
53676168,isaiah52@example.com
84230263,myersmorgan@example.org
68460480,ewingamy@example.net
23029070,brookemcpherson@example.org
7243431,anitalopez@example.com
86829421,robinsongerald@example.org
31850211,jodyward@example.net
44773846,marc60@example.org
54429431,pstone@example.net
32280598,alexis26@example.net
60430440,zschmidt@example.org
34283884,snyderanthony@example.org
90539190,boyertyler@example.net
15917188,gabriela07@example.com
10314409,hilllaurie@example.net
921175,taylorsimpson@example.com
10191900,jacob62@example.org
17439346,xwashington@example.net
12549386,sara43@example.net
94314903,casey30@example.com
25669023,jasmine10@example.net
42359423,grayseth@example.org
44564576,manninglori@example.net
13939377,hwright@example.net
80154658,cruzkatie@example.net
8130679,michael22@example.org
56691678,kelsey58@example.net
37372590,tracyjordan@example.net
94353567,morrisshelly@example.org
67647849,sarahprince@example.net
62166278,mitchelldenise@example.org
65884384,nmooney@example.org
34584218,erik94@example.org
85983986,pamela35@example.net
32704105,choward@example.net
60254123,audreynoble@example.org
1591351,cindy59@example.net
77318879,spencerjennifer@example.net
73901891,bateskenneth@example.com
55032501,christopher19@example.org
89290620,gregorymiller@example.org
50153405,bethhowell@example.org
56974627,lwilson@example.org
58361045,lgarcia@example.com
39343210,patrickanderson@example.com
1660472,aherrera@example.org
15756009,hernandezmichael@example.net
12055265,ricemichelle@example.net
25256888,jeffreyhowell@example.org
77328170,carriecooper@example.org
85169979,andrew69@example.org
68067350,debbieknight@example.org
13480189,jharris@example.com
58745915,nataliecraig@example.net
26746442,feliciawarren@example.net
5260074,saraholson@example.org
77444228,lawrence20@example.net
48417296,weavermichelle@example.com
78241186,sawyerdonald@example.org
85778125,sheila47@example.org
44659863,scottroman@example.net
89156286,criley@example.com
52305022,april08@example.org
91911722,kellyevans@example.net
3125187,lopezalexis@example.com
6435037,ryan51@example.com
7904275,valentinedominique@example.org
25099755,amercado@example.com
60166098,krista19@example.net
34944777,rebecca97@example.org
81753623,davidlee@example.org
33831078,joshua14@example.com
40918672,richardmcmahon@example.net
56802212,colin44@example.net
91856984,markrodriguez@example.org
79083354,nathan44@example.net
39558449,jennifer27@example.net
14415391,sparks@example.org
74283682,sparksmark@example.org
10177781,jeffery37@example.com
9119021,ppatel@example.net
12900075,clintonwoods@example.com
18910460,joseph52@example.net
20552716,dominguezadam@example.net
22473172,elizabethrasmussen@example.net
6429108,georgemcconnell@example.net
15817912,riveramichele@example.org
67164001,brandonhood@example.com
38648386,ryancantu@example.com
17866670,carol11@example.com
50895882,aaronphillips@example.org
69810271,ashley60@example.com
41448213,mirandacastaneda@example.org
84366891,iobrien@example.com
50064620,robersonjames@example.org
70432522,tyler99@example.com
70893872,kathy93@example.com
12301895,gonzalezjohnny@example.org
76889096,dmartinez@example.org
88141923,smithbrittany@example.com
31600623,christopherhodges@example.com
88582427,hfuller@example.org
83190046,andre63@example.com
43798285,richard48@example.org
82695285,xmccarthy@example.com
78663031,rhart@example.com
13738781,ritaedwards@example.com
47060682,shawnbrown@example.org
72014565,xwilliams@example.net
36236361,smills@example.com
77280589,floresjennifer@example.org
13113176,jenkinslisa@example.com
88656321,patrick53@example.com
96282787,joshua48@example.org
62312130,pcraig@example.com
32945169,fletcherthomas@example.org
83681792,becky68@example.net
70895107,uguzman@example.org
27261397,pstevens@example.org
39247551,alicia06@example.org
85359804,amymcdonald@example.org
83336280,qcarter@example.net
85002615,basspeter@example.net
92704336,kathleen09@example.org
33895076,david29@example.com
27331408,barnesrandy@example.com
67510253,jordan20@example.org
6804216,vmitchell@example.com
25173056,bonniemacias@example.com
45104111,gabriel30@example.net
22572298,richard47@example.net
12093514,pamela16@example.org
20375940,zroberson@example.org
35196958,hoodcourtney@example.org
99574469,diana88@example.net
30878874,morrisdavid@example.org
60089851,haley98@example.net
28192128,rebeccabradley@example.com
30974763,elizabethturner@example.org
57245942,stephaniestephens@example.org
19676851,jonesjimmy@example.net
78987306,kbryant@example.com
68902016,miguelharrison@example.com
33108533,mcknightmorgan@example.com
90616094,garretttricia@example.org
25864373,heathervilla@example.net
66698796,delacruzjohn@example.org
59565663,ecastaneda@example.org
95275919,martin00@example.com
90394613,kimmaria@example.com
30737921,aroth@example.net
76313611,colonjillian@example.com
99077407,olin@example.com
67016450,cwashington@example.org
80881425,mccormickamanda@example.net
36593303,louis64@example.org
66663415,georgewashington@example.com
82998766,michaellewis@example.net
35922579,sflores@example.org
2251056,hansonalexander@example.org
12794010,jessica61@example.com
34764960,rthomas@example.org
22895644,wayne77@example.org
48310521,stacydeleon@example.org
11411401,rosejohn@example.org
40136861,jennifercastro@example.com
79112402,coltonlamb@example.org
43251270,joseph26@example.com
78136050,ulee@example.org
10253651,debra14@example.com
25411608,anthonyshea@example.net
20478895,tylergarcia@example.com
16187307,margaret25@example.com
18463971,mhaney@example.net
66144276,ewilliams@example.org
80910483,zrowe@example.com
85201520,zwallace@example.net
37898230,caseyerin@example.com
68625440,cowanalexander@example.net
32008308,billy68@example.com
92923278,kristen44@example.net
91357743,cheryl95@example.net
71553754,john17@example.com
78350587,samanthaperez@example.org
25880719,cherylfaulkner@example.org
38168403,moralesgina@example.org
48300306,eroth@example.net
97109377,fgentry@example.org
49010964,brittanygordon@example.net
42269948,christopher15@example.com
50037298,jennifer25@example.net
33393327,heatherfrancis@example.org
92227153,kimberlydudley@example.net
51212841,kenneth51@example.com
62812131,timothyedwards@example.net
51297626,lindsaybailey@example.net
46919449,cartermichelle@example.net
34117935,flemingcynthia@example.org
30659170,ryanporter@example.org
93918953,michaelhill@example.org
72391534,kcoleman@example.org
25621216,susanturner@example.org
77573059,dunnmelissa@example.com
95440330,amywalker@example.org
23187008,osbornefrank@example.org
56739018,vazquezmallory@example.org
43877650,hfischer@example.net
37310908,daisy28@example.com
11881834,adamfletcher@example.com
